GEO_ID,tract_geoid,NAME,population,median_household_income,poverty_universe_total,below_poverty_count,poverty_rate,complaint_count_2015,complaint_count_2025,complaint_change_2025_minus_2015
1400000US25025000101,25025000101,Census Tract 1.01; Suffolk County; Massachusetts,1666,151466.0,1666,155,9.30372148859544,258,462,204
1400000US25025000102,25025000102,Census Tract 1.02; Suffolk County; Massachusetts,4023,79000.0,4021,1062,26.4113404625715,475,510,35
1400000US25025000201,25025000201,Census Tract 2.01; Suffolk County; Massachusetts,4332,114271.0,4319,636,14.72563093308636,502,566,64
1400000US25025000202,25025000202,Census Tract 2.02; Suffolk County; Massachusetts,3703,88625.0,3703,822,22.198217661355656,567,459,-108
1400000US25025000301,25025000301,Census Tract 3.01; Suffolk County; Massachusetts,2718,131206.0,2620,240,9.16030534351145,442,336,-106
1400000US25025000302,25025000302,Census Tract 3.02; Suffolk County; Massachusetts,3227,116793.0,3227,326,10.10226216299969,398,383,-15
1400000US25025000401,25025000401,Census Tract 4.01; Suffolk County; Massachusetts,4702,75366.0,4682,1088,23.23793250747544,595,772,177
1400000US25025000402,25025000402,Census Tract 4.02; Suffolk County; Massachusetts,3672,111705.0,3627,535,14.750482492417976,658,1650,992
1400000US25025000502,25025000502,Census Tract 5.02; Suffolk County; Massachusetts,5826,82125.0,2950,594,20.135593220338983,444,533,89
1400000US25025000503,25025000503,Census Tract 5.03; Suffolk County; Massachusetts,2062,92560.0,2036,228,11.19842829076621,227,246,19
1400000US25025000505,25025000505,Census Tract 5.05; Suffolk County; Massachusetts,1912,80556.0,1826,290,15.88170865279299,188,248,60
1400000US25025000506,25025000506,Census Tract 5.06; Suffolk County; Massachusetts,2397,73403.0,2397,473,19.732999582811846,336,343,7
1400000US25025000601,25025000601,Census Tract 6.01; Suffolk County; Massachusetts,3620,97877.0,3610,415,11.49584487534626,687,736,49
1400000US25025000603,25025000603,Census Tract 6.03; Suffolk County; Massachusetts,1763,33229.0,1745,761,43.61031518624642,134,119,-15
1400000US25025000604,25025000604,Census Tract 6.04; Suffolk County; Massachusetts,2465,60060.0,2465,889,36.064908722109536,381,563,182
1400000US25025000701,25025000701,Census Tract 7.01; Suffolk County; Massachusetts,4111,93326.0,4098,792,19.32650073206442,278,476,198
1400000US25025000703,25025000703,Census Tract 7.03; Suffolk County; Massachusetts,1724,46985.0,1724,629,36.48491879350348,225,406,181
1400000US25025000704,25025000704,Census Tract 7.04; Suffolk County; Massachusetts,4043,78778.0,4022,798,19.840875186474392,445,512,67
1400000US25025000804,25025000804,Census Tract 8.04; Suffolk County; Massachusetts,3238,81853.0,3238,686,21.18591723285979,517,841,324
1400000US25025000805,25025000805,Census Tract 8.05; Suffolk County; Massachusetts,3123,53824.0,2799,971,34.69096105752054,380,606,226
1400000US25025000806,25025000806,Census Tract 8.06; Suffolk County; Massachusetts,2273,89479.0,1284,250,19.470404984423677,156,155,-1
1400000US25025000807,25025000807,Census Tract 8.07; Suffolk County; Massachusetts,3092,,31,20,64.51612903225806,56,28,-28
1400000US25025010103,25025010103,Census Tract 101.03; Suffolk County; Massachusetts,3527,45000.0,558,158,28.31541218637993,126,55,-71
1400000US25025010104,25025010104,Census Tract 101.04; Suffolk County; Massachusetts,4662,88611.0,2531,786,31.05491900434611,646,665,19
1400000US25025010204,25025010204,Census Tract 102.04; Suffolk County; Massachusetts,3098,41480.0,1506,522,34.66135458167331,258,448,190
1400000US25025010205,25025010205,Census Tract 102.05; Suffolk County; Massachusetts,3850,67380.0,3729,791,21.21212121212121,335,298,-37
1400000US25025010206,25025010206,Census Tract 102.06; Suffolk County; Massachusetts,2205,60769.0,2202,637,28.928247048138054,243,239,-4
1400000US25025010300,25025010300,Census Tract 103; Suffolk County; Massachusetts,5099,71000.0,530,90,16.9811320754717,239,123,-116
1400000US25025010403,25025010403,Census Tract 104.03; Suffolk County; Massachusetts,2580,40581.0,2580,1319,51.12403100775194,439,397,-42
1400000US25025010404,25025010404,Census Tract 104.04; Suffolk County; Massachusetts,4363,29779.0,2031,860,42.34367306745446,474,290,-184
1400000US25025010405,25025010405,Census Tract 104.05; Suffolk County; Massachusetts,6372,24750.0,1972,854,43.30628803245436,327,203,-124
1400000US25025010408,25025010408,Census Tract 104.08; Suffolk County; Massachusetts,1280,75658.0,1280,376,29.375,90,162,72
1400000US25025010500,25025010500,Census Tract 105; Suffolk County; Massachusetts,3241,56386.0,2598,845,32.52501924557352,577,525,-52
1400000US25025010600,25025010600,Census Tract 106; Suffolk County; Massachusetts,3220,117422.0,3220,354,10.993788819875776,670,589,-81
1400000US25025010701,25025010701,Census Tract 107.01; Suffolk County; Massachusetts,2354,143125.0,2024,197,9.733201581027668,984,1603,619
1400000US25025010702,25025010702,Census Tract 107.02; Suffolk County; Massachusetts,2163,164716.0,2052,156,7.602339181286549,1079,1124,45
1400000US25025010801,25025010801,Census Tract 108.01; Suffolk County; Massachusetts,2677,159141.0,2361,163,6.903854299025837,385,838,453
1400000US25025010802,25025010802,Census Tract 108.02; Suffolk County; Massachusetts,3170,180313.0,3050,197,6.459016393442623,627,1401,774
1400000US25025020101,25025020101,Census Tract 201.01; Suffolk County; Massachusetts,3907,213421.0,3881,156,4.0195825818088124,2040,1653,-387
1400000US25025020200,25025020200,Census Tract 202; Suffolk County; Massachusetts,3124,122737.0,3124,393,12.580025608194624,1859,3628,1769
1400000US25025020301,25025020301,Census Tract 203.01; Suffolk County; Massachusetts,2399,115370.0,2340,292,12.47863247863248,218,133,-85
1400000US25025020302,25025020302,Census Tract 203.02; Suffolk County; Massachusetts,1201,165938.0,1201,98,8.159866777685263,679,885,206
1400000US25025020304,25025020304,Census Tract 203.04; Suffolk County; Massachusetts,1361,189167.0,1331,172,12.922614575507138,290,187,-103
1400000US25025020305,25025020305,Census Tract 203.05; Suffolk County; Massachusetts,4213,143333.0,3929,451,11.47874777297022,256,87,-169
1400000US25025030100,25025030100,Census Tract 301; Suffolk County; Massachusetts,2006,111500.0,2006,291,14.506480558325023,539,1469,930
1400000US25025030200,25025030200,Census Tract 302; Suffolk County; Massachusetts,1549,112183.0,1549,144,9.296320206584893,513,1093,580
1400000US25025030301,25025030301,Census Tract 303.01; Suffolk County; Massachusetts,1420,132307.0,1420,89,6.267605633802817,234,83,-151
1400000US25025030302,25025030302,Census Tract 303.02; Suffolk County; Massachusetts,2372,146154.0,1829,276,15.09021323127392,1643,792,-851
1400000US25025030400,25025030400,Census Tract 304; Suffolk County; Massachusetts,3858,112123.0,3787,388,10.245576973857936,1206,1831,625
1400000US25025030500,25025030500,Census Tract 305; Suffolk County; Massachusetts,2219,139191.0,2170,147,6.774193548387098,519,930,411
1400000US25025040100,25025040100,Census Tract 401; Suffolk County; Massachusetts,2764,189333.0,2756,123,4.462989840348331,787,387,-400
1400000US25025040200,25025040200,Census Tract 402; Suffolk County; Massachusetts,1586,138000.0,1586,329,20.744010088272383,305,236,-69
1400000US25025040300,25025040300,Census Tract 403; Suffolk County; Massachusetts,4888,184879.0,4888,134,2.7414075286415716,981,539,-442
1400000US25025040401,25025040401,Census Tract 404.01; Suffolk County; Massachusetts,2783,155918.0,2761,107,3.875407461064832,692,386,-306
1400000US25025040600,25025040600,Census Tract 406; Suffolk County; Massachusetts,3989,160929.0,3989,152,3.810478816746052,1013,588,-425
1400000US25025040801,25025040801,Census Tract 408.01; Suffolk County; Massachusetts,3984,100806.0,3962,406,10.247349823321557,328,241,-87
1400000US25025050101,25025050101,Census Tract 501.01; Suffolk County; Massachusetts,4981,65662.0,4944,845,17.091423948220065,506,624,118
1400000US25025050200,25025050200,Census Tract 502; Suffolk County; Massachusetts,5908,97462.0,5908,1160,19.63439404197698,656,948,292
1400000US25025050300,25025050300,Census Tract 503; Suffolk County; Massachusetts,3567,74894.0,3566,607,17.02187324733595,229,404,175
1400000US25025050400,25025050400,Census Tract 504; Suffolk County; Massachusetts,2270,76307.0,2270,350,15.418502202643172,350,486,136
1400000US25025050500,25025050500,Census Tract 505; Suffolk County; Massachusetts,1846,109758.0,1846,264,14.301191765980498,273,516,243
1400000US25025050600,25025050600,Census Tract 506; Suffolk County; Massachusetts,2425,74704.0,2399,153,6.377657357232181,448,548,100
1400000US25025050700,25025050700,Census Tract 507; Suffolk County; Massachusetts,4427,87063.0,4427,836,18.88412017167382,557,946,389
1400000US25025050901,25025050901,Census Tract 509.01; Suffolk County; Massachusetts,3981,111192.0,3981,355,8.917357447877418,684,677,-7
1400000US25025051000,25025051000,Census Tract 510; Suffolk County; Massachusetts,5069,96536.0,5069,397,7.831919510751629,831,605,-226
1400000US25025051101,25025051101,Census Tract 511.01; Suffolk County; Massachusetts,6223,80000.0,6095,956,15.684987694831827,1212,654,-558
1400000US25025051200,25025051200,Census Tract 512; Suffolk County; Massachusetts,3390,117194.0,3374,348,10.314167160640189,634,588,-46
1400000US25025060101,25025060101,Census Tract 601.01; Suffolk County; Massachusetts,3693,167250.0,3651,82,2.2459600109559026,578,436,-142
1400000US25025060200,25025060200,Census Tract 602; Suffolk County; Massachusetts,2271,178063.0,2271,140,6.164685160722149,433,311,-122
1400000US25025060301,25025060301,Census Tract 603.01; Suffolk County; Massachusetts,3622,183375.0,3622,321,8.862506902263942,695,646,-49
1400000US25025060400,25025060400,Census Tract 604; Suffolk County; Massachusetts,5283,186174.0,5283,216,4.088586030664395,975,954,-21
1400000US25025060501,25025060501,Census Tract 605.01; Suffolk County; Massachusetts,4476,162426.0,4476,200,4.468275245755138,1028,787,-241
1400000US25025060601,25025060601,Census Tract 606.01; Suffolk County; Massachusetts,1802,182965.0,1802,69,3.8290788013318537,363,393,30
1400000US25025060602,25025060602,Census Tract 606.02; Suffolk County; Massachusetts,399,117278.0,399,21,5.263157894736842,110,47,-63
1400000US25025060603,25025060603,Census Tract 606.03; Suffolk County; Massachusetts,1721,160417.0,1721,91,5.287623474723998,74,99,25
1400000US25025060604,25025060604,Census Tract 606.04; Suffolk County; Massachusetts,3053,218982.0,3053,40,1.3101867016049789,317,243,-74
1400000US25025060700,25025060700,Census Tract 607; Suffolk County; Massachusetts,1804,23670.0,1804,667,36.97339246119734,67,57,-10
1400000US25025060800,25025060800,Census Tract 608; Suffolk County; Massachusetts,4513,171940.0,4488,332,7.397504456327986,992,1297,305
1400000US25025061000,25025061000,Census Tract 610; Suffolk County; Massachusetts,2342,84176.0,2342,582,24.850555081127244,288,335,47
1400000US25025061101,25025061101,Census Tract 611.01; Suffolk County; Massachusetts,2571,24318.0,2567,1229,47.876899104012466,68,91,23
1400000US25025061201,25025061201,Census Tract 612.01; Suffolk County; Massachusetts,1744,124342.0,1737,394,22.68278641335636,451,454,3
1400000US25025061203,25025061203,Census Tract 612.03; Suffolk County; Massachusetts,2524,,2339,82,3.5057716973065416,434,287,-147
1400000US25025061204,25025061204,Census Tract 612.04; Suffolk County; Massachusetts,939,166692.0,939,33,3.5143769968051117,231,115,-116
1400000US25025070102,25025070102,Census Tract 701.02; Suffolk County; Massachusetts,2942,90962.0,2026,723,35.68608094768016,530,383,-147
1400000US25025070103,25025070103,Census Tract 701.03; Suffolk County; Massachusetts,647,95000.0,647,47,7.264296754250387,35,27,-8
1400000US25025070104,25025070104,Census Tract 701.04; Suffolk County; Massachusetts,2413,214097.0,2413,562,23.290509738914217,1403,605,-798
1400000US25025070201,25025070201,Census Tract 702.01; Suffolk County; Massachusetts,3415,38393.0,1469,594,40.4356705241661,366,264,-102
1400000US25025070202,25025070202,Census Tract 702.02; Suffolk County; Massachusetts,4136,40694.0,3865,1152,29.805950840879692,673,828,155
1400000US25025070301,25025070301,Census Tract 703.01; Suffolk County; Massachusetts,2660,204102.0,2658,358,13.46877351392024,947,1353,406
1400000US25025070302,25025070302,Census Tract 703.02; Suffolk County; Massachusetts,1781,121250.0,1781,389,21.84166198764739,848,786,-62
1400000US25025070402,25025070402,Census Tract 704.02; Suffolk County; Massachusetts,3341,75091.0,3321,1107,33.33333333333333,375,207,-168
1400000US25025070501,25025070501,Census Tract 705.01; Suffolk County; Massachusetts,2147,224821.0,2147,89,4.145319049836981,776,1095,319
1400000US25025070502,25025070502,Census Tract 705.02; Suffolk County; Massachusetts,3687,52736.0,3675,1558,42.394557823129254,864,1435,571
1400000US25025070600,25025070600,Census Tract 706; Suffolk County; Massachusetts,2343,241008.0,2343,75,3.201024327784891,815,1307,492
1400000US25025070700,25025070700,Census Tract 707; Suffolk County; Massachusetts,2504,126695.0,2504,283,11.301916932907348,648,643,-5
1400000US25025070801,25025070801,Census Tract 708.01; Suffolk County; Massachusetts,1148,44811.0,1148,407,35.45296167247386,94,520,426
1400000US25025070802,25025070802,Census Tract 708.02; Suffolk County; Massachusetts,2247,90670.0,2247,279,12.416555407209612,639,913,274
1400000US25025070901,25025070901,Census Tract 709.01; Suffolk County; Massachusetts,1268,40406.0,1261,257,20.380650277557493,345,568,223
1400000US25025070902,25025070902,Census Tract 709.02; Suffolk County; Massachusetts,2273,126875.0,2251,393,17.45890715237672,597,1275,678
1400000US25025071101,25025071101,Census Tract 711.01; Suffolk County; Massachusetts,3758,91338.0,3658,969,26.48988518316019,856,1607,751
1400000US25025071201,25025071201,Census Tract 712.01; Suffolk County; Massachusetts,4285,112540.0,4239,678,15.99433828733192,458,403,-55
1400000US25025080100,25025080100,Census Tract 801; Suffolk County; Massachusetts,2593,58000.0,2146,555,25.86206896551724,942,702,-240
1400000US25025080300,25025080300,Census Tract 803; Suffolk County; Massachusetts,2065,41474.0,2056,649,31.56614785992218,434,550,116
1400000US25025080401,25025080401,Census Tract 804.01; Suffolk County; Massachusetts,3109,32526.0,3096,967,31.233850129198963,516,317,-199
1400000US25025080500,25025080500,Census Tract 805; Suffolk County; Massachusetts,3485,44031.0,3485,1125,32.281205164992826,298,427,129
1400000US25025080601,25025080601,Census Tract 806.01; Suffolk County; Massachusetts,3649,23693.0,1424,796,55.89887640449438,506,427,-79
1400000US25025080801,25025080801,Census Tract 808.01; Suffolk County; Massachusetts,4425,38188.0,2929,1256,42.88152953226357,280,183,-97
1400000US25025080900,25025080900,Census Tract 809; Suffolk County; Massachusetts,3420,66042.0,3404,1231,36.16333725029377,529,836,307
1400000US25025081001,25025081001,Census Tract 810.01; Suffolk County; Massachusetts,5230,48022.0,5218,1889,36.20160981218858,687,612,-75
1400000US25025081101,25025081101,Census Tract 811.01; Suffolk County; Massachusetts,1557,82568.0,1439,169,11.744266851980544,211,149,-62
1400000US25025081102,25025081102,Census Tract 811.02; Suffolk County; Massachusetts,2935,89253.0,2915,781,26.79245283018868,476,527,51
1400000US25025081200,25025081200,Census Tract 812; Suffolk County; Massachusetts,3523,34792.0,3523,1182,33.55095089412433,391,353,-38
1400000US25025081301,25025081301,Census Tract 813.01; Suffolk County; Massachusetts,2635,33182.0,2617,1315,50.24837600305694,296,340,44
1400000US25025081302,25025081302,Census Tract 813.02; Suffolk County; Massachusetts,2251,29962.0,2222,715,32.17821782178218,434,359,-75
1400000US25025081400,25025081400,Census Tract 814; Suffolk County; Massachusetts,3442,73375.0,3428,1095,31.94282380396733,1160,926,-234
1400000US25025081500,25025081500,Census Tract 815; Suffolk County; Massachusetts,2589,75708.0,2521,425,16.85838952796509,383,309,-74
1400000US25025081700,25025081700,Census Tract 817; Suffolk County; Massachusetts,3676,32288.0,3629,1036,28.54780931386057,834,549,-285
1400000US25025081800,25025081800,Census Tract 818; Suffolk County; Massachusetts,3305,60720.0,3305,582,17.609682299546144,642,619,-23
1400000US25025081900,25025081900,Census Tract 819; Suffolk County; Massachusetts,3304,70341.0,3128,738,23.593350383631716,645,455,-190
1400000US25025082000,25025082000,Census Tract 820; Suffolk County; Massachusetts,3383,44963.0,3379,1257,37.20035513465522,612,421,-191
1400000US25025082100,25025082100,Census Tract 821; Suffolk County; Massachusetts,4052,29441.0,4052,934,23.05034550839092,638,443,-195
1400000US25025090100,25025090100,Census Tract 901; Suffolk County; Massachusetts,5529,37198.0,5529,1751,31.669379634653644,930,570,-360
1400000US25025090200,25025090200,Census Tract 902; Suffolk County; Massachusetts,3090,44676.0,3090,809,26.181229773462785,451,196,-255
1400000US25025090300,25025090300,Census Tract 903; Suffolk County; Massachusetts,3494,47691.0,3494,688,19.690898683457355,733,550,-183
1400000US25025090400,25025090400,Census Tract 904; Suffolk County; Massachusetts,3647,64492.0,3647,577,15.821222922950373,683,519,-164
1400000US25025090600,25025090600,Census Tract 906; Suffolk County; Massachusetts,2219,60787.0,2219,582,26.22803064443443,495,328,-167
1400000US25025090700,25025090700,Census Tract 907; Suffolk County; Massachusetts,4562,92426.0,4562,863,18.917141604559404,892,833,-59
1400000US25025090901,25025090901,Census Tract 909.01; Suffolk County; Massachusetts,2971,55096.0,2971,1071,36.04846852911477,89,16,-73
1400000US25025091001,25025091001,Census Tract 910.01; Suffolk County; Massachusetts,3365,89265.0,3354,253,7.543231961836613,665,588,-77
1400000US25025091100,25025091100,Census Tract 911; Suffolk County; Massachusetts,4679,129732.0,4632,511,11.031951640759932,716,725,9
1400000US25025091200,25025091200,Census Tract 912; Suffolk County; Massachusetts,3055,67594.0,3030,975,32.17821782178218,731,962,231
1400000US25025091300,25025091300,Census Tract 913; Suffolk County; Massachusetts,2687,60962.0,2687,867,32.26646818012654,439,250,-189
1400000US25025091400,25025091400,Census Tract 914; Suffolk County; Massachusetts,3212,51926.0,3205,967,30.17160686427457,502,296,-206
1400000US25025091500,25025091500,Census Tract 915; Suffolk County; Massachusetts,3591,62717.0,3591,951,26.4828738512949,701,567,-134
1400000US25025091600,25025091600,Census Tract 916; Suffolk County; Massachusetts,2557,45321.0,2480,448,18.064516129032256,528,374,-154
1400000US25025091700,25025091700,Census Tract 917; Suffolk County; Massachusetts,3186,72780.0,3152,859,27.25253807106599,524,443,-81
1400000US25025091800,25025091800,Census Tract 918; Suffolk County; Massachusetts,3499,41817.0,3484,1120,32.14695752009185,653,366,-287
1400000US25025091900,25025091900,Census Tract 919; Suffolk County; Massachusetts,4678,74160.0,4622,734,15.880571181306792,761,439,-322
1400000US25025092000,25025092000,Census Tract 920; Suffolk County; Massachusetts,6148,59757.0,6128,1149,18.75,892,483,-409
1400000US25025092101,25025092101,Census Tract 921.01; Suffolk County; Massachusetts,6190,62368.0,6067,1046,17.240810944453603,1211,1126,-85
1400000US25025092200,25025092200,Census Tract 922; Suffolk County; Massachusetts,3642,107273.0,3593,400,11.132758140829392,871,609,-262
1400000US25025092300,25025092300,Census Tract 923; Suffolk County; Massachusetts,3890,73047.0,3890,592,15.218508997429304,558,466,-92
1400000US25025092400,25025092400,Census Tract 924; Suffolk County; Massachusetts,5987,56528.0,5987,1442,24.085518623684653,961,707,-254
1400000US25025100100,25025100100,Census Tract 1001; Suffolk County; Massachusetts,6080,42269.0,5951,1441,24.214417744916823,808,661,-147
1400000US25025100200,25025100200,Census Tract 1002; Suffolk County; Massachusetts,3420,74679.0,3392,714,21.04952830188679,437,344,-93
1400000US25025100300,25025100300,Census Tract 1003; Suffolk County; Massachusetts,3920,85344.0,3890,205,5.269922879177378,463,346,-117
1400000US25025100400,25025100400,Census Tract 1004; Suffolk County; Massachusetts,5109,115906.0,5024,1087,21.63614649681529,683,453,-230
1400000US25025100500,25025100500,Census Tract 1005; Suffolk County; Massachusetts,7694,66944.0,7491,1544,20.611400347083165,1220,977,-243
1400000US25025100601,25025100601,Census Tract 1006.01; Suffolk County; Massachusetts,6368,112446.0,6269,795,12.681448396873504,900,626,-274
1400000US25025100603,25025100603,Census Tract 1006.03; Suffolk County; Massachusetts,2269,140153.0,2198,169,7.688808007279345,546,500,-46
1400000US25025100700,25025100700,Census Tract 1007; Suffolk County; Massachusetts,4721,135450.0,4721,187,3.9610252065240417,988,446,-542
1400000US25025100800,25025100800,Census Tract 1008; Suffolk County; Massachusetts,5816,77224.0,5816,608,10.453920220082532,1147,597,-550
1400000US25025100900,25025100900,Census Tract 1009; Suffolk County; Massachusetts,4681,114034.0,4676,186,3.9777587681779294,867,479,-388
1400000US25025101001,25025101001,Census Tract 1010.01; Suffolk County; Massachusetts,6697,93452.0,6697,430,6.420785426310288,1011,812,-199
1400000US25025101002,25025101002,Census Tract 1010.02; Suffolk County; Massachusetts,6369,48667.0,6338,1635,25.796781319028085,736,559,-177
1400000US25025101101,25025101101,Census Tract 1011.01; Suffolk County; Massachusetts,4144,75357.0,4144,723,17.446911196911195,576,546,-30
1400000US25025101102,25025101102,Census Tract 1011.02; Suffolk County; Massachusetts,4733,46379.0,4733,1269,26.81174730614832,774,536,-238
1400000US25025110104,25025110104,Census Tract 1101.04; Suffolk County; Massachusetts,2204,79464.0,2194,463,21.103008204193255,341,193,-148
1400000US25025110105,25025110105,Census Tract 1101.05; Suffolk County; Massachusetts,2702,152019.0,2702,191,7.068837897853442,561,349,-212
1400000US25025110106,25025110106,Census Tract 1101.06; Suffolk County; Massachusetts,1685,108974.0,1685,111,6.587537091988131,282,182,-100
1400000US25025110201,25025110201,Census Tract 1102.01; Suffolk County; Massachusetts,2251,70139.0,2251,394,17.503331852509994,428,273,-155
1400000US25025110301,25025110301,Census Tract 1103.01; Suffolk County; Massachusetts,2648,107450.0,2616,141,5.389908256880735,658,321,-337
1400000US25025110401,25025110401,Census Tract 1104.01; Suffolk County; Massachusetts,3508,97540.0,3507,432,12.318220701454234,685,392,-293
1400000US25025110403,25025110403,Census Tract 1104.03; Suffolk County; Massachusetts,4949,132719.0,4930,214,4.340770791075051,589,380,-209
1400000US25025110501,25025110501,Census Tract 1105.01; Suffolk County; Massachusetts,3204,147500.0,3204,179,5.586766541822722,509,307,-202
1400000US25025110502,25025110502,Census Tract 1105.02; Suffolk County; Massachusetts,3945,126250.0,3945,284,7.198986058301647,670,495,-175
1400000US25025110601,25025110601,Census Tract 1106.01; Suffolk County; Massachusetts,3038,140000.0,2886,114,3.9501039501039505,474,238,-236
1400000US25025110607,25025110607,Census Tract 1106.07; Suffolk County; Massachusetts,5316,155192.0,5055,252,4.985163204747774,923,664,-259
1400000US25025120103,25025120103,Census Tract 1201.03; Suffolk County; Massachusetts,1823,247533.0,1823,45,2.4684585847504112,440,235,-205
1400000US25025120104,25025120104,Census Tract 1201.04; Suffolk County; Massachusetts,2422,142885.0,2422,136,5.615194054500413,535,281,-254
1400000US25025120105,25025120105,Census Tract 1201.05; Suffolk County; Massachusetts,2382,191397.0,2106,186,8.831908831908832,597,331,-266
1400000US25025120201,25025120201,Census Tract 1202.01; Suffolk County; Massachusetts,4511,107955.0,4511,631,13.988029261804478,796,622,-174
1400000US25025120301,25025120301,Census Tract 1203.01; Suffolk County; Massachusetts,5044,130246.0,4944,550,11.124595469255665,929,862,-67
1400000US25025120400,25025120400,Census Tract 1204; Suffolk County; Massachusetts,6930,163713.0,6792,393,5.786219081272085,1580,818,-762
1400000US25025120500,25025120500,Census Tract 1205; Suffolk County; Massachusetts,2543,157813.0,2543,426,16.75186787259143,398,355,-43
1400000US25025120600,25025120600,Census Tract 1206; Suffolk County; Massachusetts,2555,147226.0,2555,69,2.700587084148728,633,333,-300
1400000US25025120700,25025120700,Census Tract 1207; Suffolk County; Massachusetts,1905,124500.0,1905,115,6.036745406824147,426,214,-212
1400000US25025130101,25025130101,Census Tract 1301.01; Suffolk County; Massachusetts,6275,154528.0,6244,261,4.1800128122998075,1127,513,-614
1400000US25025130200,25025130200,Census Tract 1302; Suffolk County; Massachusetts,4516,154464.0,4450,148,3.3258426966292136,1334,490,-844
1400000US25025130300,25025130300,Census Tract 1303; Suffolk County; Massachusetts,4375,165000.0,4375,140,3.2,1220,611,-609
1400000US25025130402,25025130402,Census Tract 1304.02; Suffolk County; Massachusetts,5275,107986.0,5270,227,4.307400379506642,1127,542,-585
1400000US25025130404,25025130404,Census Tract 1304.04; Suffolk County; Massachusetts,2880,96761.0,2796,179,6.402002861230328,813,334,-479
1400000US25025130406,25025130406,Census Tract 1304.06; Suffolk County; Massachusetts,5781,46463.0,5733,1161,20.251177394034535,438,259,-179
1400000US25025140102,25025140102,Census Tract 1401.02; Suffolk County; Massachusetts,5359,128673.0,5359,74,1.3808546370591528,1131,552,-579
1400000US25025140105,25025140105,Census Tract 1401.05; Suffolk County; Massachusetts,3641,85000.0,3641,537,14.74869541334798,675,354,-321
1400000US25025140106,25025140106,Census Tract 1401.06; Suffolk County; Massachusetts,2232,59861.0,2232,313,14.023297491039427,142,81,-61
1400000US25025140107,25025140107,Census Tract 1401.07; Suffolk County; Massachusetts,3290,106111.0,3290,509,15.471124620060792,498,267,-231
1400000US25025140201,25025140201,Census Tract 1402.01; Suffolk County; Massachusetts,2636,110655.0,2636,153,5.804248861911987,499,202,-297
1400000US25025140202,25025140202,Census Tract 1402.02; Suffolk County; Massachusetts,5952,111910.0,5843,142,2.4302584288892692,913,639,-274
1400000US25025140300,25025140300,Census Tract 1403; Suffolk County; Massachusetts,7215,93225.0,7179,611,8.510934670566932,1351,1004,-347
1400000US25025140400,25025140400,Census Tract 1404; Suffolk County; Massachusetts,8724,94794.0,8668,1101,12.70189201661283,1274,1000,-274
1400000US25025160102,25025160102,Census Tract 1601.02; Suffolk County; Massachusetts,3659,67500.0,3595,953,26.50904033379694,0,0,0
1400000US25025160103,25025160103,Census Tract 1601.03; Suffolk County; Massachusetts,4730,80573.0,4537,1078,23.760193960767023,0,0,0
1400000US25025160200,25025160200,Census Tract 1602; Suffolk County; Massachusetts,4444,73889.0,4262,1217,28.554669169404036,0,0,0
1400000US25025160300,25025160300,Census Tract 1603; Suffolk County; Massachusetts,2185,75417.0,2112,290,13.731060606060606,0,0,0
1400000US25025160400,25025160400,Census Tract 1604; Suffolk County; Massachusetts,3356,74329.0,3356,748,22.288438617401667,0,0,0
1400000US25025160501,25025160501,Census Tract 1605.01; Suffolk County; Massachusetts,5965,59625.0,5885,943,16.02378929481733,0,0,0
1400000US25025160502,25025160502,Census Tract 1605.02; Suffolk County; Massachusetts,5070,55568.0,4977,1438,28.892907373920035,0,0,0
1400000US25025160601,25025160601,Census Tract 1606.01; Suffolk County; Massachusetts,4914,108605.0,4792,443,9.24457429048414,0,0,0
1400000US25025160602,25025160602,Census Tract 1606.02; Suffolk County; Massachusetts,5137,75985.0,5093,846,16.61103475358335,0,0,0
1400000US25025170101,25025170101,Census Tract 1701.01; Suffolk County; Massachusetts,3868,83672.0,3727,476,12.771666219479474,0,0,0
1400000US25025170102,25025170102,Census Tract 1701.02; Suffolk County; Massachusetts,4839,95023.0,4729,198,4.186931698033411,0,0,0
1400000US25025170200,25025170200,Census Tract 1702; Suffolk County; Massachusetts,5163,50513.0,5058,1072,21.194147884539344,0,0,0
1400000US25025170301,25025170301,Census Tract 1703.01; Suffolk County; Massachusetts,5810,106471.0,5810,561,9.655765920826164,0,0,0
1400000US25025170302,25025170302,Census Tract 1703.02; Suffolk County; Massachusetts,4069,106184.0,3914,804,20.54164537557486,0,0,0
1400000US25025170400,25025170400,Census Tract 1704; Suffolk County; Massachusetts,5172,75938.0,5172,616,11.910286156225832,0,0,0
1400000US25025170502,25025170502,Census Tract 1705.02; Suffolk County; Massachusetts,3767,67375.0,3707,510,13.757755597518209,0,0,0
1400000US25025170503,25025170503,Census Tract 1705.03; Suffolk County; Massachusetts,1411,83654.0,1395,325,23.297491039426525,0,0,0
1400000US25025170504,25025170504,Census Tract 1705.04; Suffolk County; Massachusetts,3382,133403.0,3382,116,3.4299231224127738,0,0,0
1400000US25025170601,25025170601,Census Tract 1706.01; Suffolk County; Massachusetts,6251,101932.0,6251,123,1.9676851703727405,0,0,0
1400000US25025170701,25025170701,Census Tract 1707.01; Suffolk County; Massachusetts,2513,64632.0,2513,172,6.844409072821329,0,0,0
1400000US25025170702,25025170702,Census Tract 1707.02; Suffolk County; Massachusetts,7612,59722.0,7612,1548,20.336311087756172,0,0,0
1400000US25025170800,25025170800,Census Tract 1708; Suffolk County; Massachusetts,6076,69750.0,6009,839,13.962389748710269,0,0,0
1400000US25025180101,25025180101,Census Tract 1801.01; Suffolk County; Massachusetts,5301,95306.0,5301,338,6.376155442369365,0,0,0
1400000US25025180200,25025180200,Census Tract 1802; Suffolk County; Massachusetts,4557,104427.0,4557,446,9.7871406627167,0,0,0
1400000US25025180301,25025180301,Census Tract 1803.01; Suffolk County; Massachusetts,3080,139554.0,3080,280,9.090909090909092,0,0,0
1400000US25025180400,25025180400,Census Tract 1804; Suffolk County; Massachusetts,1910,113261.0,1910,14,0.7329842931937173,0,0,0
1400000US25025180500,25025180500,Census Tract 1805; Suffolk County; Massachusetts,3959,113214.0,3911,245,6.2643825108667865,0,0,0
